<?xml version="1.0" encoding="utf-8"?>
<!--Created using XmlSitemapGenerator.org - Free HTML, RSS and XML sitemap generator-->
<rss version="2.0">
  <channel>
    <title>100 +</title>
    <link>http://varun.dscnsec.com</link>
    <description />
    <item>
      <guid>http://varun.dscnsec.com/</guid>
      <title>100 +</title>
      <link>http://varun.dscnsec.com/</link>
      <description />
    </item>
    <item>
      <guid>http://varun.dscnsec.com/images/varun.pdf</guid>
      <title>varun.pdf</title>
      <link>http://varun.dscnsec.com/images/varun.pdf</link>
      <description />
    </item>
  </channel>
</rss>
<!--<guid value="5b90c65f-df9e-4b67-98ff-168e30f9d706" />-->
<!--Created using XmlSitemapGenerator.org - Free HTML, RSS and XML sitemap generator-->